,ID,Structure,Control,Exhaustion,Disconnection,Gender
1,6,4.75,5.25,4.6,4.861111111,Male
2,78,4.5,3,4.2,5.416666667,Male
3,89,7,3,4.2,2,Female
4,61,4.125,3.25,4,3,Male
5,67,5.25,3.25,4,3.666666667,Male
6,143,6,2,4,3.083333333,Female
7,121,5.25,2.25,3.8,3.583333333,Female
8,1,4.714285714,6.25,3.6,3.166666667,Male
9,44,4.625,3.75,3.6,1.833333333,Male
10,88,5.875,3,3.6,4.583333333,Female
11,90,2.75,2.75,3.6,4,Male
12,96,5,2.75,3.6,1.25,Male
13,156,5.375,1.75,3.6,1.166666667,Female
14,36,4.5,4,3.4,3,Male
15,37,4.875,4,3.4,3.916666667,Male
16,86,5.5,3,3.4,5.583333333,Male
17,101,6.5,2.75,3.4,1.166666667,Female
18,47,5.5,3.75,3.25,2.083333333,Male
19,4,4.75,5.75,3.2,3.861111111,Male
20,66,4.75,3.25,3.2,4.944444444,Male
21,73,6.125,3.25,3.2,4.166666667,Male
22,188,4.5,1,3.2,2.388888889,Female
23,32,4,4,3,3.75,Male
24,54,5,3.5,3,2.916666667,Male
25,57,5.625,3.5,3,3.083333333,Male
26,62,4.375,3.25,3,3.5,Male
27,68,5.25,3.25,3,4.5,Male
28,75,3.875,3,3,3.916666667,Female
29,84,5.25,3,3,4,Female
30,103,3.75,2.5,3,2.083333333,Female
31,108,5.5,2.5,3,4.833333333,Female
32,151,5,1.75,3,1.5,Female
33,155,5.25,1.75,3,3.916666667,Female
34,193,5.125,1,3,3.805555556,Female
35,3,5.125,6,2.8,1.75,Male
36,26,4.875,4.25,2.8,1,Male
37,27,5.125,4.25,2.8,6.222222222,Male
38,34,4.125,4,2.8,2.833333333,Male
39,50,3.75,3.5,2.8,4.333333333,Male
40,127,6.125,2.25,2.8,2.666666667,Female
41,145,6.25,2,2.8,1.333333333,Female
42,194,5.375,1,2.8,2.666666667,Female
43,23,4.625,4.25,2.75,1.75,Male
44,5,6.125,5.5,2.6,5.083333333,Male
45,14,5,4.75,2.6,2.5,Male
46,38,5.125,4,2.6,5.194444444,Male
47,41,6.75,4,2.6,3.5,Male
48,56,5.375,3.5,2.6,2.5,Male
49,70,5.375,3.25,2.6,3.25,Male
50,79,4.5,3,2.6,3,Male
51,82,5.125,3,2.6,3.083333333,Female
52,91,4,2.75,2.6,2.472222222,Female
53,98,5.875,2.75,2.6,3.25,Female
54,105,5.25,2.5,2.6,3.25,Female
55,140,5.875,2,2.6,2.166666667,Female
56,146,6.25,2,2.6,1.166666667,Female
57,153,5.125,1.75,2.6,1.5,Female
58,154,5.125,1.75,2.6,1.833333333,Female
59,160,5.75,1.75,2.6,2.25,Female
60,163,6.375,1.75,2.6,1,Female
61,205,5.875,1,2.6,1.916666667,Female
62,29,6.375,4.25,2.4,4.166666667,Female
63,65,4.5,3.25,2.4,3.333333333,Female
64,106,5.375,2.5,2.4,2.5,Female
65,118,4.125,2.25,2.4,3.083333333,Female
66,126,6,2.25,2.4,1.333333333,Female
67,128,6.125,2.25,2.4,1.25,Female
68,147,2.625,1.75,2.4,3.916666667,Female
69,148,4.25,1.75,2.4,1.5,Male
70,157,5.375,1.75,2.4,3,Male
71,181,5.625,1.25,2.4,2.083333333,Male
72,187,4.375,1,2.4,2.416666667,Male
73,202,5.75,1,2.4,2.666666667,Male
74,206,5.875,1,2.4,2.333333333,Male
75,63,4.375,3.25,2.25,3.416666667,Male
76,2,4.375,6,2.2,2.916666667,Male
77,20,5.285714286,4.5,2.2,4.25,Male
78,22,4,4.25,2.2,3.5,Male
79,24,4.625,4.25,2.2,4,Male
80,60,3.714285714,3.25,2.2,4.25,Female
81,64,4.375,3.25,2.2,2.25,Female
82,97,5.25,2.75,2.2,2.333333333,Female
83,100,6,2.75,2.2,1.166666667,Female
84,111,5.875,2.5,2.2,3,Female
85,123,5.625,2.25,2.2,2.083333333,Female
86,124,5.875,2.25,2.2,3.166666667,Female
87,141,5.875,2,2.2,1.083333333,Female
88,159,5.625,1.75,2.2,4.166666667,Female
89,180,5,1.25,2.2,2.916666667,Female
90,197,5.5,1,2.2,3.083333333,Female
91,211,6.875,1,2.2,1,Female
92,7,5,5.25,2,4.25,Female
93,19,4,4.5,2,3.833333333,Female
94,21,5.5,4.5,2,1.75,Female
95,30,3.75,4,2,4.416666667,Female
96,40,6.25,4,2,1.611111111,Female
97,43,4.5,3.75,2,3.805555556,Female
98,74,6.25,3.25,2,2.25,Female
99,76,4.125,3,2,2.166666667,Female
100,80,4.5,3,2,1.5,Female
101,81,4.875,3,2,2,Female
102,93,4.571428571,2.75,2,1.916666667,Female
103,99,5.875,2.75,2,2.25,Female
104,107,5.375,2.5,2,2.583333333,Female
105,112,5.875,2.5,2,1,Male
106,113,6.125,2.5,2,3.916666667,Male
107,136,5.375,2,2,3.25,Male
108,138,5.571428571,2,2,1.583333333,Male
109,142,5.875,2,2,5,Male
110,152,5,1.75,2,5.5,Male
111,170,5.25,1.5,2,1.75,Male
112,175,6.375,1.5,2,1.166666667,Male
113,179,4,1.25,2,1.666666667,Male
114,189,4.75,1,2,1,Male
115,191,5,1,2,1.916666667,Male
116,198,5.5,1,2,1,Male
117,199,5.5,1,2,2.25,Male
118,200,5.625,1,2,2.75,Male
119,208,6.25,1,2,1.75,Male
120,39,5.5,4,1.8,5,Male
121,46,5.375,3.75,1.8,2.75,Male
122,51,4,3.5,1.8,2.722222222,Male
123,58,5.625,3.5,1.8,2.166666667,Female
124,117,4.5,2.333333333,1.8,3.333333333,Female
125,174,6.125,1.5,1.8,3.083333333,Male
126,182,5.625,1.25,1.8,1.416666667,Male
127,184,5.875,1.25,1.8,1.583333333,Male
128,192,5,1,1.8,3.166666667,Male
129,9,5.25,5.25,1.6,2.833333333,Female
130,16,5.875,4.75,1.6,4.222222222,Female
131,33,4,4,1.6,2.75,Female
132,52,4.125,3.5,1.6,5.333333333,Female
133,83,5.125,3,1.6,4.25,Female
134,94,4.75,2.75,1.6,3.083333333,Female
135,102,2.75,2.5,1.6,2.5,Male
136,104,5.125,2.5,1.6,1.833333333,Male
137,114,6.25,2.5,1.6,1.416666667,Male
138,134,5.25,2,1.6,2.666666667,Male
139,135,5.25,2,1.6,2.666666667,Male
140,169,5.125,1.5,1.6,2,Male
141,183,5.75,1.25,1.6,1.416666667,Male
142,186,6.625,1.25,1.6,1.083333333,Male
143,10,4.142857143,5,1.4,1.75,Female
144,11,6,5,1.4,1.416666667,Female
145,53,4.875,3.5,1.4,2.416666667,Female
146,72,6,3.25,1.4,2.083333333,Female
147,92,4.375,2.75,1.4,2.416666667,Female
148,139,5.75,2,1.4,1.833333333,Female
149,150,4.875,1.75,1.4,1.72,Male
150,158,5.5,1.75,1.4,1,Male
151,161,5.75,1.75,1.4,2.25,Male
152,162,6.125,1.75,1.4,1.916666667,Male
153,168,5,1.5,1.4,2.444444444,Male
154,195,5.375,1,1.4,1.5,Male
155,207,6.125,1,1.4,3.333333333,Male
156,17,3.833333333,4.5,1.2,2.083333333,Female
157,25,4.75,4.25,1.2,2.5,Female
158,28,6.125,4.25,1.2,1.75,Female
159,48,6,3.75,1.2,1,Female
160,55,5.25,3.5,1.2,3.666666667,Female
161,87,5.5,3,1.2,5,Female
162,109,5.5,2.5,1.2,3.083333333,Female
163,115,6.375,2.5,1.2,1.416666667,Female
164,125,5.875,2.25,1.2,2.75,Male
165,132,4.75,2,1.2,1.75,Male
166,137,5.5,2,1.2,3.333333333,Male
167,164,6.375,1.75,1.2,1.666666667,Male
168,165,5,1.666666667,1.2,1.75,Male
169,167,4.875,1.5,1.2,2,Male
170,171,5.285714286,1.5,1.2,1.5,Male
171,203,5.75,1,1.2,1.75,Male
172,8,5,5.25,1,3.083333333,Female
173,12,3.25,4.75,1,4.916666667,Female
174,13,4.125,4.75,1,4,Female
175,15,5.75,4.75,1,5.5,Female
176,18,3.875,4.5,1,1,Female
177,31,3.75,4,1,1.166666667,Female
178,35,4.375,4,1,4.166666667,Female
179,42,3.375,3.75,1,2.333333333,Female
180,45,4.625,3.75,1,1.861111111,Female
181,49,3.625,3.5,1,1.833333333,Female
182,59,3.25,3.25,1,4.194444444,Female
183,69,5.25,3.25,1,2.083333333,Female
184,71,5.75,3.25,1,1.694444444,Female
185,77,4.125,3,1,2.416666667,Female
186,85,5.25,3,1,3.666666667,Female
187,95,4.75,2.75,1,2.333333333,Female
188,110,5.75,2.5,1,1,Female
189,116,6.5,2.5,1,1.25,Female
190,119,5,2.25,1,1.083333333,Female
191,120,5.125,2.25,1,3.416666667,Male
192,129,6.142857143,2.25,1,1,Male
193,130,6.857142857,2.25,1,2.166666667,Male
194,131,4.142857143,2,1,1.666666667,Male
195,133,5.125,2,1,1,Male
196,144,6,2,1,1,Male
197,149,4.857142857,1.75,1,3.583333333,Male
198,166,5.25,1.666666667,1,3.166666667,Male
199,172,5.285714286,1.5,1,1.583333333,Male
200,173,5.375,1.5,1,1.5,Male
201,176,6.375,1.5,1,1.25,Male
202,177,6.625,1.5,1,1.666666667,Male
203,178,6.625,1.5,1,1.333333333,Male
204,185,6.375,1.25,1,1.916666667,Male
205,190,4.75,1,1,3.888888889,Male
206,196,5.375,1,1,1.25,Male
207,201,5.625,1,1,1,Male
208,204,5.75,1,1,2.25,Male
209,209,6.625,1,1,1,Male
210,210,6.625,1,1,1.5,Male
211,212,7,1,1,4.166666667,Male
212,213,7,1,1,1,Male
